,Datum,Produkt,Umsatz,Region
0,Jan,A,17.13211543,EU
1,Feb,A,16.39601338,EU
2,Mar,A,136.5957458,EU
3,Apr,A,161.0183208,EU
4,May,A,17.22449462,EU
5,Jun,A,62.37171014,EU
6,Jul,A,89.97494683,EU
7,Aug,A,99.52098998,EU
8,Sep,A,80.96374249,EU
9,Oct,A,87.11488556,EU
10,Nov,A,94.12154099,EU
11,Dec,A,48.79833119,EU
12,Jan,A,57.3537253,EU
13,Feb,A,3.836814398,EU
14,Mar,A,16.10427895,EU
15,Apr,A,46.63306472,EU
16,May,A,91.47371435,EU
17,Jun,A,76.50014212,EU
18,Jul,A,12.00640884,EU
19,Aug,A,10.21600306,EU
20,Sep,A,55.7145419,EU
21,Oct,A,40.78017284,EU
22,Nov,A,119.9668964,EU
23,Dec,A,57.23635109,EU
24,Jan,A,114.7468571,EU
25,Feb,A,92.5616462,EU
26,Mar,A,14.18278381,EU
27,Apr,A,38.38532631,EU
28,May,A,48.40373427,EU
29,Jun,A,116.8691134,EU
30,Jul,A,53.66894236,EU
31,Aug,A,30.33192941,EU
32,Sep,A,76.66923883,EU
33,Oct,A,61.97999227,EU
34,Nov,A,3.845073371,EU
35,Dec,A,27.23018014,EU
36,Jan,A,113.2511812,EU
37,Feb,A,31.26715358,EU
38,Mar,A,46.02364838,EU
39,Apr,A,25.29043325,EU
40,May,A,123.5993109,EU
41,Jun,A,78.83958933,EU
42,Jul,A,24.03113942,EU
43,Aug,A,13.03294453,EU
44,Sep,A,28.42296538,EU
45,Oct,A,20.3127058,EU
46,Nov,A,29.34067148,EU
47,Dec,A,130.1190667,EU
48,Jan,A,4.186462246,EU
49,Feb,A,77.90311118,EU
50,Mar,A,69.55384845,EU
51,Apr,A,1.686759868,EU
52,May,A,28.80185375,EU
53,Jun,A,106.3318594,EU
54,Jul,A,155.5620499,EU
55,Aug,A,11.36651583,EU
56,Sep,A,60.91438687,EU
57,Oct,A,12.57595926,EU
58,Nov,A,15.04689103,EU
59,Dec,A,27.79952593,EU
60,Jan,A,50.58442926,EU
61,Feb,A,130.1457302,EU
62,Mar,A,95.26300763,EU
63,Apr,A,24.25573672,EU
64,May,A,134.2597665,EU
65,Jun,A,93.26260462,EU
66,Jul,A,8.92034295,EU
67,Aug,A,42.4783029,EU
68,Sep,A,73.51589732,EU
69,Oct,A,38.03016756,EU
70,Nov,A,85.55997065,EU
71,Dec,A,19.03411132,EU
72,Jan,A,54.14832091,EU
73,Feb,A,53.55461673,EU
74,Mar,A,137.629313,EU
75,Apr,A,98.19799026,EU
76,May,A,171.461856,EU
77,Jun,A,39.19891374,EU
78,Jul,A,4.25248578,EU
79,Aug,A,77.28145878,EU
80,Sep,A,65.23843454,EU
81,Oct,A,123.9327588,EU
82,Nov,A,62.92182397,EU
83,Dec,A,52.69134372,EU
84,Jan,A,16.99198981,EU
85,Feb,A,120.1034746,EU
86,Mar,A,59.48366106,EU
87,Apr,A,74.38013015,EU
88,May,A,72.74427292,EU
89,Jun,A,4.281975332,EU
90,Jul,A,81.95381187,EU
91,Aug,A,131.8408458,EU
92,Sep,A,56.24563036,EU
93,Oct,A,61.38797874,EU
94,Nov,A,3.474698427,EU
95,Dec,A,9.983181457,EU
96,Jan,A,7.543601119,EU
97,Feb,A,59.38500383,EU
98,Mar,A,81.3563165,EU
99,Apr,A,22.56386772,EU
100,May,A,34.08273472,EU
101,Jun,A,3.763551646,EU
102,Jul,A,11.21480967,EU
103,Aug,A,36.01469912,EU
104,Sep,A,3.260438426,EU
105,Oct,A,59.31629858,EU
106,Nov,A,3.080676336,EU
107,Dec,A,76.25279148,EU
108,Jan,A,7.51490983,EU
109,Feb,A,7.01905596,EU
110,Mar,A,36.55834552,EU
111,Apr,A,66.27610948,EU
112,May,A,26.3952913,EU
113,Jun,A,67.98907352,EU
114,Jul,A,32.81576968,EU
115,Aug,A,49.95652236,EU
116,Sep,A,15.12626085,EU
117,Oct,A,11.11513958,EU
118,Nov,A,46.84635241,EU
119,Dec,A,9.921589651,EU
120,Jan,A,48.42592994,EU
121,Feb,A,19.01683622,EU
122,Mar,A,21.18863774,EU
123,Apr,A,54.50108056,EU
124,May,A,9.051700565,EU
125,Jun,A,66.57845821,EU
126,Jul,A,96.69097574,EU
127,Aug,A,26.55102203,EU
128,Sep,A,85.13575223,EU
129,Oct,A,18.16680089,EU
130,Nov,A,87.78210769,EU
131,Dec,A,36.20734218,EU
132,Jan,A,37.12488255,EU
133,Feb,A,21.02437265,EU
134,Mar,A,1.590758444,EU
135,Apr,A,18.70959401,EU
136,May,A,99.07862457,EU
137,Jun,A,4.52400405,EU
138,Jul,A,25.99959178,EU
139,Aug,A,26.79243217,EU
140,Sep,A,81.89688753,EU
141,Oct,A,156.1232388,EU
142,Nov,A,16.98303997,EU
143,Dec,A,60.24249073,EU
144,Jan,A,82.73475344,EU
145,Feb,A,57.71695644,EU
146,Mar,A,13.78357623,EU
147,Apr,A,22.83925642,EU
148,May,A,2.130489198,EU
149,Jun,A,48.012654,EU
150,Jul,A,93.57435958,EU
151,Aug,A,1.099650708,EU
152,Sep,A,78.31049141,EU
153,Oct,A,27.99276307,EU
154,Nov,A,31.60479707,EU
155,Dec,A,48.22774744,EU
156,Jan,A,58.84473399,EU
157,Feb,A,67.94996397,EU
158,Mar,A,94.22239444,EU
159,Apr,A,12.2179353,EU
160,May,A,52.33603045,EU
161,Jun,A,20.14831302,EU
162,Jul,A,169.0744963,EU
163,Aug,A,66.19405461,EU
164,Sep,A,19.18432567,EU
165,Oct,A,30.35123172,EU
166,Nov,A,47.32591489,EU
167,Dec,A,68.79841197,EU
168,Jan,A,53.34630693,EU
169,Feb,A,32.12781276,EU
170,Mar,A,46.31586194,EU
171,Apr,A,52.56149006,EU
172,May,A,65.7976469,EU
173,Jun,A,118.4678907,EU
174,Jul,A,71.64934702,EU
175,Aug,A,127.9570216,EU
176,Sep,A,16.08034395,EU
177,Oct,A,100.1369812,EU
178,Nov,A,49.06422282,EU
179,Dec,A,46.76940026,EU
180,Jan,A,28.89676428,EU
181,Feb,A,124.7222058,EU
182,Mar,A,8.515956219,EU
183,Apr,A,3.316908986,EU
184,May,A,20.17420256,EU
185,Jun,A,40.19775429,EU
186,Jul,A,8.269677221,EU
187,Aug,A,145.8847297,EU
188,Sep,A,12.69917919,EU
189,Oct,A,49.26889219,EU
190,Nov,A,4.405475123,EU
191,Dec,A,9.76833122,EU
192,Jan,A,93.09265202,EU
193,Feb,A,27.72873588,EU
194,Mar,A,64.15127605,EU
195,Apr,A,117.3129062,EU
196,May,A,81.44820127,EU
197,Jun,A,4.50945312,EU
198,Jul,A,38.52629712,EU
199,Aug,A,26.03894513,EU
200,Sep,A,0.671817689,EU
201,Oct,A,148.1025821,EU
202,Nov,A,25.62340862,EU
203,Dec,A,4.203596945,EU
204,Jan,A,24.92227507,EU
205,Feb,A,2.496553758,EU
206,Mar,A,1.796596272,EU
207,Apr,A,75.73651334,EU
208,May,A,84.40865101,EU
209,Jun,A,118.0392717,EU
210,Jul,A,103.9569088,EU
211,Aug,A,37.14375601,EU
212,Sep,A,0.269319957,EU
213,Oct,A,84.1346127,EU
214,Nov,A,84.9325856,EU
215,Dec,A,33.72148446,EU
216,Jan,A,40.02745057,EU
217,Feb,A,129.6630878,EU
218,Mar,A,99.73451927,EU
219,Apr,A,19.54206416,EU
220,May,A,27.98835922,EU
221,Jun,A,76.64788446,EU
222,Jul,A,25.84865314,EU
223,Aug,A,82.20432383,EU
224,Sep,A,10.27884802,EU
225,Oct,A,5.295139337,EU
226,Nov,A,31.00977891,EU
227,Dec,A,2.796246352,EU
228,Jan,A,44.51244824,EU
229,Feb,A,28.00059573,EU
230,Mar,A,28.35652033,EU
231,Apr,A,73.02002808,EU
232,May,A,1.028544075,EU
233,Jun,A,6.007277629,EU
234,Jul,A,25.07901651,EU
235,Aug,A,9.308354013,EU
236,Sep,A,37.02933565,EU
237,Oct,A,71.3197379,EU
238,Nov,A,121.1690649,EU
239,Dec,A,72.64371188,EU
240,Jan,A,15.74888438,EU
241,Feb,A,37.11600913,EU
242,Mar,A,109.0099319,EU
243,Apr,A,8.960925993,EU
244,May,A,9.157742976,EU
245,Jun,A,61.87052414,EU
246,Jul,A,59.90850216,EU
247,Aug,A,54.16491725,EU
248,Sep,A,14.23535807,EU
249,Oct,A,80.13413625,EU
250,Nov,A,51.85710137,EU
251,Dec,A,30.44548794,EU
252,Jan,A,3.233882892,EU
253,Feb,A,56.13211234,EU
254,Mar,A,1.65010952,EU
255,Apr,A,112.8191603,EU
256,May,A,106.0020538,EU
257,Jun,A,98.78723488,EU
258,Jul,A,52.72916491,EU
259,Aug,A,20.31972117,EU
260,Sep,A,98.88804611,EU
261,Oct,A,92.3964757,EU
262,Nov,A,136.5403342,EU
263,Dec,A,40.76903685,EU
264,Jan,A,121.2531413,EU
265,Feb,A,18.46428304,EU
266,Mar,A,0.389913546,EU
267,Apr,A,66.947824,EU
268,May,A,37.84639775,EU
269,Jun,A,66.94285044,EU
270,Jul,A,25.31572827,EU
271,Aug,A,76.71086118,EU
272,Sep,A,8.706780118,EU
273,Oct,A,108.4931901,EU
274,Nov,A,77.8147646,EU
275,Dec,A,95.44481052,EU
276,Jan,A,69.72398817,EU
277,Feb,A,45.92189801,EU
278,Mar,A,21.19694172,EU
279,Apr,A,22.36173421,EU
280,May,A,51.30073382,EU
281,Jun,A,40.36615706,EU
282,Jul,A,21.72001907,EU
283,Aug,A,125.2969795,EU
284,Sep,A,33.22514093,EU
285,Oct,A,49.08846369,EU
286,Nov,A,84.24116456,EU
287,Dec,A,104.3798152,EU
288,Jan,A,26.86435382,EU
289,Feb,A,19.42411818,EU
290,Mar,A,88.81420168,EU
291,Apr,A,30.66516368,EU
292,May,A,96.62120971,EU
293,Jun,A,48.14348749,EU
294,Jul,A,4.911412177,EU
295,Aug,A,2.30292688,EU
296,Sep,A,23.9871253,EU
297,Oct,A,62.95409161,EU
298,Nov,A,15.50022259,EU
299,Dec,A,47.02659718,EU
300,Jan,A,91.2579522,EU
301,Feb,A,126.0241509,EU
302,Mar,A,76.96610738,EU
303,Apr,A,23.44630655,EU
304,May,A,51.04457826,EU
305,Jun,A,18.99855195,EU
306,Jul,A,61.30270965,EU
307,Aug,A,96.11682145,EU
308,Sep,A,111.9929653,EU
309,Oct,A,27.59292271,EU
310,Nov,A,52.48068322,EU
311,Dec,A,36.96736017,EU
312,Jan,A,56.63103421,EU
313,Feb,A,31.43039892,EU
314,Mar,A,78.42162392,EU
315,Apr,A,49.76710615,EU
316,May,A,81.13323291,EU
317,Jun,A,6.855811701,EU
318,Jul,A,33.32189201,EU
319,Aug,A,83.64575868,EU
320,Sep,A,55.48913711,EU
321,Oct,A,2.155548343,EU
322,Nov,A,56.66751192,EU
323,Dec,A,48.68171157,EU
324,Jan,A,9.096832881,EU
325,Feb,A,57.91060815,EU
326,Mar,A,134.9301228,EU
327,Apr,A,32.11372547,EU
328,May,A,30.45021793,EU
329,Jun,A,43.59916266,EU
330,Jul,A,132.3583859,EU
331,Aug,A,36.22519386,EU
332,Sep,A,45.82982939,EU
333,Oct,A,80.86224927,EU
334,Nov,A,22.00733965,EU
335,Dec,A,54.7745422,EU
336,Jan,A,34.67873176,EU
337,Mar,A,76.79149096,EU
338,Apr,A,32.77488726,EU
339,May,A,9.753254155,EU
340,Jun,A,32.39121584,EU
341,Jul,A,67.6020394,EU
342,Aug,A,8.635651641,EU
343,Sep,A,129.1876361,EU
344,Oct,A,28.33364566,EU
345,Nov,A,7.511198584,EU
346,Dec,A,151.4505084,EU
347,Jan,A,28.12731123,EU
348,Mar,A,80.43375431,EU
349,Apr,A,3.861669148,EU
350,May,A,49.81012473,EU
351,Jun,A,17.59527447,EU
352,Jul,A,82.18687505,EU
353,Aug,A,8.339198013,EU
354,Sep,A,116.3121893,EU
355,Oct,A,39.68540074,EU
356,Nov,A,60.00193647,EU
357,Dec,A,39.40649174,EU
358,Jan,A,102.9169478,EU
359,Mar,A,47.99135827,EU
360,May,A,4.597326452,EU
361,Jul,A,139.3623559,EU
362,Aug,A,25.02305787,EU
363,Oct,A,56.9939783,EU
364,Dec,A,111.4674253,EU
365,Jan,B,189.4674253,EU
366,Feb,B,1825.467425,EU
367,Mar,B,3211.467425,EU
368,Apr,B,4570.467425,EU
369,May,B,6084.467425,EU
370,Jun,B,7477.467425,EU
371,Jul,B,8949.467425,EU
372,Aug,B,10653.46743,EU
373,Sep,B,12364.46743,EU
374,Oct,B,13946.46743,EU
375,Nov,B,15434.46743,EU
376,Dec,B,16893.46743,EU
377,Jan,B,286.4674253,EU
378,Feb,B,1867.467425,EU
379,Mar,B,3226.467425,EU
380,Apr,B,4615.467425,EU
381,May,B,6136.467425,EU
382,Jun,B,7508.467425,EU
383,Jul,B,9033.467425,EU
384,Aug,B,10653.46743,EU
385,Sep,B,12442.46743,EU
386,Oct,B,13958.46743,EU
387,Nov,B,15439.46743,EU
388,Dec,B,16911.46743,EU
389,Jan,B,346.4674253,EU
390,Feb,B,1899.467425,EU
391,Mar,B,3295.467425,EU
392,Apr,B,4630.467425,EU
393,May,B,6146.467425,EU
394,Jun,B,7569.467425,EU
395,Jul,B,9126.467425,EU
396,Aug,B,10688.46743,EU
397,Sep,B,12468.46743,EU
398,Oct,B,14047.46743,EU
399,Nov,B,15538.46743,EU
400,Dec,B,16925.46743,EU
401,Jan,B,441.4674253,EU
402,Feb,B,1908.467425,EU
403,Mar,B,3369.467425,EU
404,Apr,B,4640.467425,EU
405,May,B,6152.467425,EU
406,Jun,B,7577.467425,EU
407,Jul,B,9185.467425,EU
408,Aug,B,10723.46743,EU
409,Sep,B,12550.46743,EU
410,Oct,B,14066.46743,EU
411,Nov,B,15578.46743,EU
412,Dec,B,16978.46743,EU
413,Jan,B,445.4674253,EU
414,Feb,B,1926.467425,EU
415,Mar,B,3409.467425,EU
416,Apr,B,4695.467425,EU
417,May,B,6176.467425,EU
418,Jun,B,7603.467425,EU
419,Jul,B,9204.467425,EU
420,Aug,B,10773.46743,EU
421,Sep,B,12621.46743,EU
422,Oct,B,14140.46743,EU
423,Nov,B,15607.46743,EU
424,Dec,B,17029.46743,EU
425,Jan,B,471.4674253,EU
426,Feb,B,1960.467425,EU
427,Mar,B,3444.467425,EU
428,Apr,B,4747.467425,EU
429,May,B,6233.467425,EU
430,Jun,B,7642.467425,EU
431,Jul,B,9253.467425,EU
432,Aug,B,10803.46743,EU
433,Sep,B,12649.46743,EU
434,Oct,B,14212.46743,EU
435,Nov,B,15694.46743,EU
436,Dec,B,17083.46743,EU
437,Jan,B,553.4674253,EU
438,Feb,B,2040.467425,EU
439,Mar,B,3525.467425,EU
440,Apr,B,4818.467425,EU
441,May,B,6289.467425,EU
442,Jun,B,7668.467425,EU
443,Jul,B,9298.467425,EU
444,Aug,B,10895.46743,EU
445,Sep,B,12747.46743,EU
446,Oct,B,14236.46743,EU
447,Nov,B,15723.46743,EU
448,Dec,B,17088.46743,EU
449,Jan,B,560.4674253,EU
450,Feb,B,2105.467425,EU
451,Mar,B,3590.467425,EU
452,Apr,B,4900.467425,EU
453,May,B,6346.467425,EU
454,Jun,B,7695.467425,EU
455,Jul,B,9320.467425,EU
456,Aug,B,10993.46743,EU
457,Sep,B,12844.46743,EU
458,Oct,B,14296.46743,EU
459,Nov,B,15784.46743,EU
460,Dec,B,17169.46743,EU
461,Jan,B,589.4674253,EU
462,Feb,B,2142.467425,EU
463,Mar,B,3594.467425,EU
464,Apr,B,4988.467425,EU
465,May,B,6414.467425,EU
466,Jun,B,7788.467425,EU
467,Jul,B,9358.467425,EU
468,Aug,B,11049.46743,EU
469,Sep,B,12874.46743,EU
470,Oct,B,14377.46743,EU
471,Nov,B,15811.46743,EU
472,Dec,B,17214.46743,EU
473,Jan,B,651.4674253,EU
474,Feb,B,2224.467425,EU
475,Mar,B,3610.467425,EU
476,Apr,B,5018.467425,EU
477,May,B,6427.467425,EU
478,Jun,B,7887.467425,EU
479,Jul,B,9378.467425,EU
480,Aug,B,11148.46743,EU
481,Sep,B,12960.46743,EU
482,Oct,B,14462.46743,EU
483,Nov,B,15852.46743,EU
484,Dec,B,17285.46743,EU
485,Jan,B,737.4674253,EU
486,Feb,B,2276.467425,EU
487,Mar,B,3664.467425,EU
488,Apr,B,5091.467425,EU
489,May,B,6456.467425,EU
490,Jun,B,7904.467425,EU
491,Jul,B,9457.467425,EU
492,Aug,B,11191.46743,EU
493,Sep,B,12997.46743,EU
494,Oct,B,14556.46743,EU
495,Nov,B,15938.46743,EU
496,Dec,B,17379.46743,EU
497,Jan,B,831.4674253,EU
498,Feb,B,2321.467425,EU
499,Mar,B,3742.467425,EU
500,Apr,B,5153.467425,EU
501,May,B,6464.467425,EU
502,Jun,B,7966.467425,EU
503,Jul,B,9483.467425,EU
504,Aug,B,11265.46743,EU
505,Sep,B,13001.46743,EU
506,Oct,B,14579.46743,EU
507,Nov,B,16030.46743,EU
508,Dec,B,17395.46743,EU
509,Jan,B,866.4674253,EU
510,Feb,B,2409.467425,EU
511,Mar,B,3758.467425,EU
512,Apr,B,5236.467425,EU
513,May,B,6521.467425,EU
514,Jun,B,8032.467425,EU
515,Jul,B,9505.467425,EU
516,Aug,B,11265.46743,EU
517,Sep,B,13096.46743,EU
518,Oct,B,14582.46743,EU
519,Nov,B,16039.46743,EU
520,Dec,B,17481.46743,EU
521,Jan,B,896.4674253,EU
522,Feb,B,2431.467425,EU
523,Mar,B,3826.467425,EU
524,Apr,B,5312.467425,EU
525,May,B,6610.467425,EU
526,Jun,B,8130.467425,EU
527,Jul,B,9552.467425,EU
528,Aug,B,11283.46743,EU
529,Sep,B,13138.46743,EU
530,Oct,B,14630.46743,EU
531,Nov,B,16065.46743,EU
532,Dec,B,17554.46743,EU
533,Jan,B,990.4674253,EU
534,Feb,B,2508.467425,EU
535,Mar,B,3886.467425,EU
536,Apr,B,5351.467425,EU
537,May,B,6655.467425,EU
538,Jun,B,8193.467425,EU
539,Jul,B,9630.467425,EU
540,Aug,B,11297.46743,EU
541,Sep,B,13179.46743,EU
542,Oct,B,14685.46743,EU
543,Nov,B,16144.46743,EU
544,Dec,B,17603.46743,EU
545,Jan,B,1003.467425,EU
546,Feb,B,2578.467425,EU
547,Mar,B,3915.467425,EU
548,Apr,B,5406.467425,EU
549,May,B,6682.467425,EU
550,Jun,B,8207.467425,EU
551,Jul,B,9630.467425,EU
552,Aug,B,11387.46743,EU
553,Sep,B,13229.46743,EU
554,Oct,B,14740.46743,EU
555,Nov,B,16216.46743,EU
556,Dec,B,17684.46743,EU
557,Jan,B,1013.467425,EU
558,Feb,B,2640.467425,EU
559,Mar,B,3993.467425,EU
560,Apr,B,5456.467425,EU
561,May,B,6777.467425,EU
562,Jun,B,8233.467425,EU
563,Jul,B,9706.467425,EU
564,Aug,B,11429.46743,EU
565,Sep,B,13327.46743,EU
566,Oct,B,14747.46743,EU
567,Nov,B,16231.46743,EU
568,Dec,B,17736.46743,EU
569,Jan,B,1054.467425,EU
570,Feb,B,2677.467425,EU
571,Mar,B,4017.467425,EU
572,Apr,B,5491.467425,EU
573,May,B,6832.467425,EU
574,Jun,B,8246.467425,EU
575,Jul,B,9741.467425,EU
576,Aug,B,11497.46743,EU
577,Sep,B,13353.46743,EU
578,Oct,B,14775.46743,EU
579,Nov,B,16251.46743,EU
580,Dec,B,17806.46743,EU
581,Jan,B,1122.467425,EU
582,Feb,B,2743.467425,EU
583,Mar,B,4027.467425,EU
584,Apr,B,5491.467425,EU
585,May,B,6840.467425,EU
586,Jun,B,8260.467425,EU
587,Jul,B,9809.467425,EU
588,Aug,B,11560.46743,EU
589,Sep,B,13375.46743,EU
590,Oct,B,14776.46743,EU
591,Nov,B,16333.46743,EU
592,Dec,B,17888.46743,EU
593,Jan,B,1189.467425,EU
594,Feb,B,2814.467425,EU
595,Mar,B,4027.467425,EU
596,Apr,B,5530.467425,EU
597,May,B,6889.467425,EU
598,Jun,B,8326.467425,EU
599,Jul,B,9879.467425,EU
600,Aug,B,11635.46743,EU
601,Sep,B,13435.46743,EU
602,Oct,B,14862.46743,EU
603,Nov,B,16419.46743,EU
604,Dec,B,17924.46743,EU
605,Jan,B,1191.467425,EU
606,Feb,B,2873.467425,EU
607,Mar,B,4108.467425,EU
608,Apr,B,5530.467425,EU
609,May,B,6942.467425,EU
610,Jun,B,8418.467425,EU
611,Jul,B,9954.467425,EU
612,Aug,B,11714.46743,EU
613,Sep,B,13460.46743,EU
614,Oct,B,14862.46743,EU
615,Nov,B,16484.46743,EU
616,Dec,B,17948.46743,EU
617,Jan,B,1263.467425,EU
618,Feb,B,2932.467425,EU
619,Mar,B,4136.467425,EU
620,Apr,B,5594.467425,EU
621,May,B,6976.467425,EU
622,Jun,B,8445.467425,EU
623,Jul,B,10004.46743,EU
624,Aug,B,11749.46743,EU
625,Sep,B,13468.46743,EU
626,Oct,B,14952.46743,EU
627,Nov,B,16550.46743,EU
628,Dec,B,18012.46743,EU
629,Jan,B,1263.467425,EU
630,Feb,B,2934.467425,EU
631,Mar,B,4162.467425,EU
632,Apr,B,5663.467425,EU
633,May,B,7018.467425,EU
634,Jun,B,8489.467425,EU
635,Jul,B,10017.46743,EU
636,Aug,B,11840.46743,EU
637,Sep,B,13508.46743,EU
638,Oct,B,14987.46743,EU
639,Nov,B,16551.46743,EU
640,Dec,B,18092.46743,EU
641,Jan,B,1354.467425,EU
642,Feb,B,3022.467425,EU
643,Mar,B,4207.467425,EU
644,Apr,B,5675.467425,EU
645,May,B,7111.467425,EU
646,Jun,B,8509.467425,EU
647,Jul,B,10107.46743,EU
648,Aug,B,11887.46743,EU
649,Sep,B,13601.46743,EU
650,Oct,B,15041.46743,EU
651,Nov,B,16622.46743,EU
652,Dec,B,18174.46743,EU
653,Jan,B,1391.467425,EU
654,Feb,B,3115.467425,EU
655,Mar,B,4216.467425,EU
656,Apr,B,5754.467425,EU
657,May,B,7172.467425,EU
658,Jun,B,8527.467425,EU
659,Jul,B,10201.46743,EU
660,Aug,B,11963.46743,EU
661,Sep,B,13635.46743,EU
662,Oct,B,15042.46743,EU
663,Nov,B,16655.46743,EU
664,Dec,B,18207.46743,EU
665,Jan,B,1457.467425,EU
666,Feb,B,3153.467425,EU
667,Mar,B,4229.467425,EU
668,Apr,B,5764.467425,EU
669,May,B,7263.467425,EU
670,Jun,B,8589.467425,EU
671,Jul,B,10267.46743,EU
672,Aug,B,12016.46743,EU
673,Sep,B,13727.46743,EU
674,Oct,B,15091.46743,EU
675,Nov,B,16670.46743,EU
676,Dec,B,18246.46743,EU
677,Jan,B,1550.467425,EU
678,Feb,B,3161.467425,EU
679,Mar,B,4320.467425,EU
680,Apr,B,5839.467425,EU
681,May,B,7345.467425,EU
682,Jun,B,8679.467425,EU
683,Jul,B,10268.46743,EU
684,Aug,B,12108.46743,EU
685,Sep,B,13757.46743,EU
686,Oct,B,15189.46743,EU
687,Nov,B,16682.46743,EU
688,Dec,B,18261.46743,EU
689,Jan,B,1565.467425,EU
690,Feb,B,3191.467425,EU
691,Mar,B,4384.467425,EU
692,Apr,B,5918.467425,EU
693,May,B,7403.467425,EU
694,Jun,B,8768.467425,EU
695,Jul,B,10368.46743,EU
696,Aug,B,12119.46743,EU
697,Sep,B,13843.46743,EU
698,Oct,B,15210.46743,EU
699,Nov,B,16776.46743,EU
700,Dec,B,18325.46743,EU
701,Jan,B,1643.467425,EU
702,Mar,B,4466.467425,EU
703,Apr,B,5942.467425,EU
704,May,B,7421.467425,EU
705,Jun,B,8787.467425,EU
706,Jul,B,10424.46743,EU
707,Aug,B,12215.46743,EU
708,Sep,B,13852.46743,EU
709,Oct,B,15298.46743,EU
710,Nov,B,16823.46743,EU
711,Dec,B,18368.46743,EU
712,Jan,B,1686.467425,EU
713,Mar,B,4490.467425,EU
714,Apr,B,6038.467425,EU
715,May,B,7438.467425,EU
716,Jun,B,8865.467425,EU
717,Jul,B,10517.46743,EU
718,Aug,B,12240.46743,EU
719,Sep,B,13920.46743,EU
720,Oct,B,15340.46743,EU
721,Nov,B,16867.46743,EU
722,Dec,B,18467.46743,EU
723,Jan,B,1761.467425,EU
724,Mar,B,4508.467425,EU
725,May,B,7473.467425,EU
726,Jul,B,10575.46743,EU
727,Aug,B,12288.46743,EU
728,Oct,B,15422.46743,EU
729,Dec,B,18533.46743,EU
730,Jan,C,18392.05633927,EU
731,Feb,C,34256.85022162,EU
732,Mar,C,45391.3686492,EU
733,Apr,C,59811.655734199994,EU
734,May,C,74973.63375038002,EU
735,Jun,C,87658.02631486,EU
736,Jul,C,101388.18802817,EU
737,Aug,C,113393.02668002,EU
738,Sep,C,126767.02412750998,EU
739,Oct,C,140592.79018444,EU
740,Nov,C,156120.58692901002,EU
741,Dec,C,168491.74553881004,EU
742,Jan,C,18465.5956894,EU
743,Feb,C,34592.817990602,EU
744,Mar,C,46269.310016049996,EU
745,Apr,C,59985.564460279995,EU
746,May,C,75423.28566065001,EU
747,Jun,C,88152.08015288001,EU
748,Jul,C,101478.45266616001,EU
749,Aug,C,114239.40016693999,EU
750,Sep,C,127015.12962809998,EU
751,Oct,C,141454.20609716003,EU
752,Nov,C,156802.6507736,EU
753,Dec,C,168639.95651891,EU
754,Jan,C,18786.6760776,EU
755,Feb,C,35261.25850879999,EU
756,Mar,C,47051.086091189994,EU
757,Apr,C,60674.105958689994,EU
758,May,C,75776.35788073001,EU
759,Jun,C,88181.8556816,EU
760,Jul,C,101880.69113264,EU
761,Aug,C,115136.85564059,EU
762,Sep,C,127337.04863117,EU
763,Oct,C,142117.40457773002,EU
764,Nov,C,156820.79849662902,EU
765,Dec,C,168756.58158986,EU
766,Jan,C,18956.370443499996,EU
767,Feb,C,35547.522801420004,EU
768,Mar,C,47210.08448661999,EU
769,Apr,C,61499.12290174999,EU
770,May,C,75783.97209410001,EU
771,Jun,C,89034.83171567,EU
772,Jul,C,102094.57823558,EU
773,Aug,C,115838.19432546999,EU
774,Sep,C,127450.13790461999,EU
775,Oct,C,142364.2326642,EU
776,Nov,C,156902.95859852002,EU
777,Dec,C,169215.96240330001,EU
778,Jan,C,19597.390692454,EU
779,Feb,C,35685.29409382,EU
780,Mar,C,48110.39422655,EU
781,Apr,C,62166.322465132,EU
782,May,C,76377.10224125,EU
783,Jun,C,89762.1968456,EU
784,Jul,C,102096.4456251,EU
785,Aug,C,116281.97705417,EU
786,Sep,C,127870.67068313,EU
787,Oct,C,142500.27271074,EU
788,Nov,C,157005.89987897,EU
789,Dec,C,169893.19854407,EU
790,Jan,C,20322.939555439996,EU
791,Feb,C,36513.4106448,EU
792,Mar,C,48875.01174737,EU
793,Apr,C,62882.429528279994,EU
794,May,C,76469.35398849999,EU
795,Jun,C,90580.28943038,EU
796,Jul,C,102274.64483205,EU
797,Aug,C,116662.47506710001,EU
798,Sep,C,127962.92757267998,EU
799,Oct,C,143215.12350244,EU
800,Nov,C,157270.66769935002,EU
801,Dec,C,170353.84775868,EU
802,Jan,C,20763.720103789998,EU
803,Feb,C,37263.36955827,EU
804,Mar,C,49064.493852,EU
805,Apr,C,63388.685164739996,EU
806,May,C,76857.05826900002,EU
807,Jun,C,90841.88727126001,EU
808,Jul,C,102428.68588922,EU
809,Aug,C,117117.57001122,EU
810,Sep,C,128314.49643546001,EU
811,Oct,C,143420.73911120003,EU
812,Nov,C,157617.33854603,EU
813,Dec,C,171086.24192628,EU
814,Jan,C,21563.268294889996,EU
815,Feb,C,37150.0529004,EU
816,Mar,C,49560.10959394,EU
817,Apr,C,63976.42293484999,EU
818,May,C,77580.28671208001,EU
819,Jun,C,91284.53589966802,EU
820,Jul,C,103016.46026313001,EU
821,Aug,C,116970.9305242,EU
822,Sep,C,128906.91663963998,EU
823,Oct,C,143882.24959126,EU
824,Nov,C,157934.58257157303,EU
825,Dec,C,171608.441588543,EU
826,Jan,C,22255.155623581,EU
827,Feb,C,37234.45558117,EU
828,Mar,C,49730.3229285,EU
829,Apr,C,64397.584257279996,EU
830,May,C,78050.24972028002,EU
831,Jun,C,91969.872863354,EU
832,Jul,C,103592.97776533001,EU
833,Aug,C,117947.18077087999,EU
834,Sep,C,129796.408631574,EU
835,Oct,C,144455.69637142,EU
836,Nov,C,158315.88719366404,EU
837,Dec,C,172473.30927852003,EU
838,Jan,C,22882.22380487,EU
839,Feb,C,37471.609009039996,EU
840,Mar,C,50326.067039479996,EU
841,Apr,C,64485.64331552,EU
842,May,C,78864.8889937,EU
843,Jun,C,92366.38490148,EU
844,Jul,C,103673.06500532,EU
845,Aug,C,117858.70734764,EU
846,Sep,C,130679.40910914999,EU
847,Oct,C,144922.76733042,EU
848,Nov,C,158677.70271759,EU
849,Dec,C,172612.575480349,EU
850,Jan,C,23438.373374759998,EU
851,Feb,C,37850.06566878,EU
852,Mar,C,51238.60129726,EU
853,Apr,C,65271.28877444,EU
854,May,C,79110.465904435,EU
855,Jun,C,92564.28451679001,EU
856,Jul,C,104208.29799926,EU
857,Aug,C,118384.86384796999,EU
858,Sep,C,131370.20681777,EU
859,Oct,C,145533.05486911,EU
860,Nov,C,159370.03776231,EU
861,Dec,C,172926.16192782004,EU
862,Jan,C,24190.28179215,EU
863,Feb,C,37941.56555235,EU
864,Mar,C,51273.018416556,EU
865,Apr,C,65751.75472099001,EU
866,May,C,79207.79100043,EU
867,Jun,C,93120.15747095,EU
868,Jul,C,104404.17258322,EU
869,Aug,C,119123.67973783,EU
870,Sep,C,131738.93718247002,EU
871,Oct,C,145834.1588312,EU
872,Nov,C,159763.55723003,EU
873,Dec,C,173665.73867927003,EU
874,Jan,C,24816.66401126,EU
875,Feb,C,38697.00794855999,EU
876,Mar,C,51727.14139876999,EU
877,Apr,C,66366.39886858,EU
878,May,C,79952.170595802,EU
879,Jun,C,93740.205421,EU
880,Jul,C,104790.42921542001,EU
881,Aug,C,119946.31001929201,EU
882,Sep,C,131885.78377859,EU
883,Oct,C,146157.59920693,EU
884,Nov,C,160196.73907293,EU
885,Dec,C,174377.12762256002,EU
886,Jan,C,24846.65840071,EU
887,Feb,C,39504.56729103,EU
888,Mar,C,52073.558180559994,EU
889,Apr,C,67158.37646970002,EU
890,May,C,80021.11691455002,EU
891,Jun,C,94192.41106198,EU
892,Jul,C,104703.1036787,EU
893,Aug,C,120157.64581538997,EU
894,Sep,C,132584.77794433,EU
895,Oct,C,146852.78723828,EU
896,Nov,C,160819.33855511,EU
897,Dec,C,174362.52395803,EU
898,Jan,C,25330.663057769998,EU
899,Feb,C,39509.28361224,EU
900,Mar,C,52318.38578306,EU
901,Apr,C,67834.96899494,EU
902,May,C,79987.04787810001,EU
903,Jun,C,94694.7836843,EU
904,Jul,C,105501.09502798002,EU
905,Aug,C,120339.56644839999,EU
906,Sep,C,132647.72172605002,EU
907,Oct,C,147324.19208880002,EU
908,Nov,C,161103.57884718003,EU
909,Dec,C,174926.61226974,EU
910,Jan,C,26110.72600072,EU
911,Feb,C,39990.4383292,EU
912,Mar,C,52444.105378780994,EU
913,Apr,C,67857.08277601401,EU
914,May,C,80032.32033244001,EU
915,Jun,C,95476.25812071,EU
916,Jul,C,106017.574597779,EU
917,Aug,C,120413.0644403,EU
918,Sep,C,133549.83409081,EU
919,Oct,C,147403.87717781,EU
920,Nov,C,161459.276594877,EU
921,Dec,C,175359.45843878,EU
922,Jan,C,26390.77118298,EU
923,Feb,C,40138.40324912,EU
924,Mar,C,52591.02271895,EU
925,Apr,C,68210.87060880002,EU
926,May,C,80525.44494373,EU
927,Jun,C,95518.46592188001,EU
928,Jul,C,106813.06027788001,EU
929,Aug,C,121131.36882486999,EU
930,Sep,C,134291.78685231102,EU
931,Oct,C,148291.97918790003,EU
932,Nov,C,161699.01066138,EU
933,Dec,C,175997.349273055,EU
934,Jan,C,27399.69705993,EU
935,Feb,C,40669.735231242,EU
936,Mar,C,53157.429088728,EU
937,Apr,C,69176.58023166,EU
938,May,C,80703.13530399,EU
939,Jun,C,95701.57620329999,EU
940,Jul,C,107460.6987662,EU
941,Aug,C,121612.77891399,EU
942,Sep,C,134945.581650043,EU
943,Oct,C,149184.3322573,EU
944,Nov,C,161821.1213844,EU
945,Dec,C,176438.21968554,EU
946,Jan,C,27768.82545443,EU
947,Feb,C,41008.6470872,EU
948,Mar,C,53979.903385729995,EU
949,Apr,C,69692.81976084,EU
950,May,C,81484.87147578,EU
951,Jun,C,96679.44459053999,EU
952,Jul,C,108328.43172186,EU
953,Aug,C,122142.03834617,EU
954,Sep,C,135133.23952198,EU
955,Oct,C,149738.218230663,EU
956,Nov,C,162692.08749109,EU
957,Dec,C,176482.424323648,EU
958,Jan,C,28260.531046760003,EU
959,Feb,C,41159.23064926999,EU
960,Mar,C,54134.83925467,EU
961,Apr,C,69861.06970692,EU
962,May,C,82025.263220925,EU
963,Jun,C,96733.449197371,EU
964,Jul,C,108588.89505849,EU
965,Aug,C,122602.72561598702,EU
966,Sep,C,135487.93883435,EU
967,Oct,C,150020.5042321,EU
968,Nov,C,163065.3174051,EU
969,Dec,C,177084.76325812002,EU
970,Jan,C,28953.08874062,EU
971,Feb,C,41630.25684587,EU
972,Mar,C,54591.812873099996,EU
973,Apr,C,70880.864659007,EU
974,May,C,82867.41216202402,EU
975,Jun,C,97288.82085086001,EU
976,Jul,C,108621.21147284,EU
977,Aug,C,123044.08505275,EU
978,Sep,C,135771.05671193,EU
979,Oct,C,150301.76793375,EU
980,Nov,C,163854.25116863,EU
981,Dec,C,177247.70118206003,EU
982,Jan,C,29847.421832108,EU
983,Feb,C,42439.43011266,EU
984,Mar,C,55242.95245548,EU
985,Apr,C,71236.0781947,EU
986,May,C,82946.1281212,EU
987,Jun,C,97950.30434012,EU
988,Jul,C,109191.12160509,EU
989,Aug,C,123715.65364883,EU
990,Sep,C,136352.23482389003,EU
991,Oct,C,151042.81189430002,EU
992,Nov,C,164496.10343580003,EU
993,Dec,C,177191.18513315002,EU
994,Jan,C,30418.4826837,EU
995,Feb,C,42901.80988196,EU
996,Mar,C,55251.043181454,EU
997,Apr,C,71578.450221,EU
998,May,C,83462.72792725,EU
999,Jun,C,98386.76612456,EU
1000,Jul,C,109723.13234173,EU
1001,Aug,C,123866.23270881998,EU
1002,Sep,C,136754.45958988203,EU
1003,Oct,C,151874.9359799,EU
1004,Nov,C,165364.0287054,EU
1005,Dec,C,177655.72105947998,EU
1006,Jan,C,30424.20474683,EU
1007,Feb,C,43097.48286699,EU
1008,Mar,C,55463.23387328,EU
1009,Apr,C,71630.61901079,EU
1010,May,C,84229.87077118001,EU
1011,Jun,C,99290.19591794001,EU
1012,Jul,C,109694.30965093,EU
1013,Aug,C,124134.2767905,EU
1014,Sep,C,137423.64552907,EU
1015,Oct,C,152167.84540631002,EU
1016,Nov,C,165378.86110544,EU
1017,Dec,C,178366.6496548,EU
1018,Jan,C,31325.93109118,EU
1019,Feb,C,43372.81792682,EU
1020,Mar,C,56209.98920332,EU
1021,Apr,C,72258.24427132001,EU
1022,May,C,84837.38148529,EU
1023,Jun,C,99289.96898751,EU
1024,Jul,C,109813.324857823,EU
1025,Aug,C,124937.33244312,EU
1026,Sep,C,137543.62214470003,EU
1027,Oct,C,152895.17357839,EU
1028,Nov,C,165422.90284741,EU
1029,Dec,C,178503.35957282002,EU
1030,Jan,C,31691.3217828,EU
1031,Feb,C,43687.4996241,EU
1032,Mar,C,57011.71676762,EU
1033,Apr,C,72836.27867845,EU
1034,May,C,85726.85747674,EU
1035,Jun,C,99932.15092305,EU
1036,Jul,C,109925.23406034999,EU
1037,Aug,C,124893.58524854998,EU
1038,Sep,C,138149.9981047,EU
1039,Oct,C,152948.11704729,EU
1040,Nov,C,166021.94368678003,EU
1041,Dec,C,178766.94570983,EU
1042,Jan,C,32236.473950790005,EU
1043,Feb,C,44597.67264608,EU
1044,Mar,C,57421.77480107999,EU
1045,Apr,C,73362.90320885001,EU
1046,May,C,86323.04078209001,EU
1047,Jun,C,100726.16216329901,EU
1048,Jul,C,110563.68547798999,EU
1049,Aug,C,124982.25401132,EU
1050,Sep,C,138332.37643289,EU
1051,Oct,C,153865.242121657,EU
1052,Nov,C,166401.80135808,EU
1053,Dec,C,179599.09245843,EU
1054,Jan,C,33099.575492119,EU
1055,Feb,C,44802.33626685,EU
1056,Mar,C,58017.6048822,EU
1057,Apr,C,73355.47469953001,EU
1058,May,C,86446.40934707,EU
1059,Jun,C,100774.99411234,EU
1060,Jul,C,111183.4962841,EU
1061,Aug,C,125767.22027613998,EU
1062,Sep,C,138921.69604061003,EU
1063,Oct,C,154581.22172073,EU
1064,Nov,C,166846.10003035,EU
1065,Dec,C,179634.5985278,EU
1066,Jan,C,33848.41910324,EU
1067,Mar,C,58470.33221404,EU
1068,Apr,C,74221.22501774,EU
1069,May,C,87023.071320845,EU
1070,Jun,C,101419.53515916,EU
1071,Jul,C,111784.77533060001,EU
1072,Aug,C,126005.40851835899,EU
1073,Sep,C,139811.7785339,EU
1074,Oct,C,155478.02102434,EU
1075,Nov,C,167512.33517141602,EU
1076,Dec,C,179835.3580616,EU
1077,Jan,C,34092.37150377,EU
1078,Mar,C,59341.04688069,EU
1079,Apr,C,75004.069015852,EU
1080,May,C,87084.59621027001,EU
1081,Jun,C,101472.43270053,EU
1082,Jul,C,111937.13279495,EU
1083,Aug,C,126704.72097198699,EU
1084,Sep,C,140259.7629807,EU
1085,Oct,C,155472.05556926,EU
1086,Nov,C,168311.45393353,EU
1087,Dec,C,180574.57217826002,EU
1088,Jan,C,34106.4966072,EU
1089,Mar,C,59539.25181672999,EU
1090,May,C,87246.846358548,EU
1091,Jul,C,112612.6226141,EU
1092,Aug,C,126707.61881213,EU
1093,Oct,C,155476.5027917,EU
1094,Dec,C,180568.9182447,EU
